mean_rho,ci2,ci98,n
0.9899265951439865,0.9696499153020893,0.998616600790514,50
