K,mean,ci2,ci98,n
10,0.9490909090909092,0.8181818181818182,1.0,50
15,0.9975,1.0,1.0,50
20,0.9276190476190476,0.9047619047619048,1.0,50
